page_id,dataset,source_path,error_type,message
coru_page_00ec7e86b34836,coru,data/raw/public/coru/Receipt Question Answering/test/c83bb5f9-f0b5-4c61-9a28-9872c1909140.jpg,AnnotationConversionError,CORU QA annotation missing: C:\Assumption University\CSX4201\Project\data\raw\public\coru\Receipt Question Answering\test\c83bb5f9-f0b5-4c61-9a28-9872c1909140.json
coru_page_01e8e0cf4abeab,coru,data/raw/public/coru/Receipt Question Answering/test/20ecef40-88ac-4291-8d1d-0a8c9fb2af86.jpg,JSONDecodeError,"Expecting ',' delimiter: line 42 column 1 (char 3137)"
coru_page_02896d7e78927f,coru,data/raw/public/coru/Receipt Question Answering/test/17b8d454-b220-4120-b2af-a4454376a482.jpg,AnnotationConversionError,CORU QA annotation missing: C:\Assumption University\CSX4201\Project\data\raw\public\coru\Receipt Question Answering\test\17b8d454-b220-4120-b2af-a4454376a482.json
coru_page_068111f8d92ef9,coru,data/raw/public/coru/Receipt Question Answering/test/56aa60ce-5498-4fd4-8ec4-291f40f8df03.jpg,AnnotationConversionError,CORU QA annotation missing: C:\Assumption University\CSX4201\Project\data\raw\public\coru\Receipt Question Answering\test\56aa60ce-5498-4fd4-8ec4-291f40f8df03.json
coru_page_09dbde3361c801,coru,data/raw/public/coru/Receipt Question Answering/test/377832a3-c9b9-4f04-b16f-1b0ee842a988.jpg,AnnotationConversionError,CORU QA annotation missing: C:\Assumption University\CSX4201\Project\data\raw\public\coru\Receipt Question Answering\test\377832a3-c9b9-4f04-b16f-1b0ee842a988.json
coru_page_0b067da657a6f2,coru,data/raw/public/coru/Receipt Question Answering/test/98f2034a-8323-428d-a079-fc1f20664261.jpg,AnnotationConversionError,CORU QA annotation missing: C:\Assumption University\CSX4201\Project\data\raw\public\coru\Receipt Question Answering\test\98f2034a-8323-428d-a079-fc1f20664261.json
coru_page_0bff6a48c2e59f,coru,data/raw/public/coru/Receipt Question Answering/test/61ed9065-7940-46f0-a35f-44d3a15c00fa.jpg,AnnotationConversionError,CORU QA annotation missing: C:\Assumption University\CSX4201\Project\data\raw\public\coru\Receipt Question Answering\test\61ed9065-7940-46f0-a35f-44d3a15c00fa.json
coru_page_0ce7aea674b6a2,coru,data/raw/public/coru/Receipt Question Answering/test/a01fa491-38b6-440d-929f-7fb953f682d2.jpg,AnnotationConversionError,CORU QA annotation missing: C:\Assumption University\CSX4201\Project\data\raw\public\coru\Receipt Question Answering\test\a01fa491-38b6-440d-929f-7fb953f682d2.json
coru_page_0cff5743c4a6f2,coru,data/raw/public/coru/Receipt Question Answering/test/a2d71149-52f5-4570-a0d9-b3c83952baeb.jpg,AnnotationConversionError,CORU QA annotation missing: C:\Assumption University\CSX4201\Project\data\raw\public\coru\Receipt Question Answering\test\a2d71149-52f5-4570-a0d9-b3c83952baeb.json
coru_page_0d26aaea8a260e,coru,data/raw/public/coru/Receipt Question Answering/test/c8d3dedf-9299-4ed5-96f9-0743c956f9b0.jpg,AnnotationConversionError,CORU QA annotation missing: C:\Assumption University\CSX4201\Project\data\raw\public\coru\Receipt Question Answering\test\c8d3dedf-9299-4ed5-96f9-0743c956f9b0.json
coru_page_1350c318a849c4,coru,data/raw/public/coru/Receipt Question Answering/test/38a3d9b6-0210-4816-9403-4dd37c575431.jpg,AnnotationConversionError,CORU QA annotation missing: C:\Assumption University\CSX4201\Project\data\raw\public\coru\Receipt Question Answering\test\38a3d9b6-0210-4816-9403-4dd37c575431.json
coru_page_14a595eab169c7,coru,data/raw/public/coru/Receipt Question Answering/test/60e84269-d517-431f-884b-0a544ef0b5d2.jpg,AnnotationConversionError,CORU QA annotation missing: C:\Assumption University\CSX4201\Project\data\raw\public\coru\Receipt Question Answering\test\60e84269-d517-431f-884b-0a544ef0b5d2.json
coru_page_1917a22fa07986,coru,data/raw/public/coru/Receipt Question Answering/test/37efce38-450f-4dfe-9b4e-5fc41cc9b7d6.jpg,AnnotationConversionError,CORU QA annotation missing: C:\Assumption University\CSX4201\Project\data\raw\public\coru\Receipt Question Answering\test\37efce38-450f-4dfe-9b4e-5fc41cc9b7d6.json
coru_page_196e2fe6007825,coru,data/raw/public/coru/Receipt Question Answering/test/44fc5227-7608-48f0-815e-b51a477570f7.jpg,AnnotationConversionError,CORU QA annotation missing: C:\Assumption University\CSX4201\Project\data\raw\public\coru\Receipt Question Answering\test\44fc5227-7608-48f0-815e-b51a477570f7.json
coru_page_1bb1f5ffeca4ca,coru,data/raw/public/coru/Receipt Question Answering/test/25f651b2-1c87-44f0-bd5e-a48694942c75.jpg,AnnotationConversionError,CORU QA annotation missing: C:\Assumption University\CSX4201\Project\data\raw\public\coru\Receipt Question Answering\test\25f651b2-1c87-44f0-bd5e-a48694942c75.json
coru_page_1c20b552209240,coru,data/raw/public/coru/Receipt Question Answering/test/042c3705-0876-4e6b-b7ba-d8d1e5cc602f.jpg,AnnotationConversionError,CORU QA annotation missing: C:\Assumption University\CSX4201\Project\data\raw\public\coru\Receipt Question Answering\test\042c3705-0876-4e6b-b7ba-d8d1e5cc602f.json
coru_page_1cfe18f99e6d71,coru,data/raw/public/coru/Receipt Question Answering/test/56aed8cd-8d14-44ef-90b0-7c153ec8b962.jpg,AnnotationConversionError,CORU QA annotation missing: C:\Assumption University\CSX4201\Project\data\raw\public\coru\Receipt Question Answering\test\56aed8cd-8d14-44ef-90b0-7c153ec8b962.json
coru_page_1e0af33061f129,coru,data/raw/public/coru/Receipt Question Answering/test/296ebd2b-e93c-482f-a32e-eb34fbbc2b90.jpg,AnnotationConversionError,CORU QA annotation missing: C:\Assumption University\CSX4201\Project\data\raw\public\coru\Receipt Question Answering\test\296ebd2b-e93c-482f-a32e-eb34fbbc2b90.json
coru_page_20e1043f563051,coru,data/raw/public/coru/Receipt Question Answering/test/072ab680-0e02-4a2c-aa23-9cc7dfd01ccc.jpg,AnnotationConversionError,CORU QA annotation missing: C:\Assumption University\CSX4201\Project\data\raw\public\coru\Receipt Question Answering\test\072ab680-0e02-4a2c-aa23-9cc7dfd01ccc.json
coru_page_229f71d2507173,coru,data/raw/public/coru/Receipt Question Answering/test/96ff8286-4c03-4d96-82f4-b6a647083da4.jpg,AnnotationConversionError,CORU QA annotation missing: C:\Assumption University\CSX4201\Project\data\raw\public\coru\Receipt Question Answering\test\96ff8286-4c03-4d96-82f4-b6a647083da4.json
coru_page_23fa46a857bb79,coru,data/raw/public/coru/Receipt Question Answering/test/a560393e-f595-42d7-b3f3-9fc75525dbbd.jpg,AnnotationConversionError,CORU QA annotation missing: C:\Assumption University\CSX4201\Project\data\raw\public\coru\Receipt Question Answering\test\a560393e-f595-42d7-b3f3-9fc75525dbbd.json
coru_page_29991fce8dafec,coru,data/raw/public/coru/Receipt Question Answering/test/b8ba4d11-dd6f-4a72-abec-6ced1a8b5735.jpg,AnnotationConversionError,CORU QA annotation missing: C:\Assumption University\CSX4201\Project\data\raw\public\coru\Receipt Question Answering\test\b8ba4d11-dd6f-4a72-abec-6ced1a8b5735.json
coru_page_2e2d0b8fe92c5d,coru,data/raw/public/coru/Receipt Question Answering/test/c0374aac-ac70-4444-a432-57bdab22ab83.jpg,AnnotationConversionError,CORU QA annotation missing: C:\Assumption University\CSX4201\Project\data\raw\public\coru\Receipt Question Answering\test\c0374aac-ac70-4444-a432-57bdab22ab83.json
coru_page_2e72227b355a77,coru,data/raw/public/coru/Receipt Question Answering/test/289b078d-4aff-4dca-bd94-cf9dc9dcf3c3.jpg,AnnotationConversionError,CORU QA annotation missing: C:\Assumption University\CSX4201\Project\data\raw\public\coru\Receipt Question Answering\test\289b078d-4aff-4dca-bd94-cf9dc9dcf3c3.json
coru_page_33335b9f89d046,coru,data/raw/public/coru/Receipt Question Answering/test/265dcf3b-eabc-49ed-9c46-199a60071369.jpg,AnnotationConversionError,CORU QA annotation missing: C:\Assumption University\CSX4201\Project\data\raw\public\coru\Receipt Question Answering\test\265dcf3b-eabc-49ed-9c46-199a60071369.json
coru_page_37cdf2111b4158,coru,data/raw/public/coru/Receipt Question Answering/test/e255f6ee-c297-407f-a8b1-521fcf283baf.jpg,AnnotationConversionError,CORU QA annotation missing: C:\Assumption University\CSX4201\Project\data\raw\public\coru\Receipt Question Answering\test\e255f6ee-c297-407f-a8b1-521fcf283baf.json
coru_page_37f95c1ceb5662,coru,data/raw/public/coru/Receipt Question Answering/test/9ac26c57-0e67-448f-8475-4edeef61fa61.jpg,AnnotationConversionError,CORU QA annotation missing: C:\Assumption University\CSX4201\Project\data\raw\public\coru\Receipt Question Answering\test\9ac26c57-0e67-448f-8475-4edeef61fa61.json
coru_page_396cfe7495fd00,coru,data/raw/public/coru/Receipt Question Answering/test/99e4bc1b-986c-4b10-959a-d0afa00bf130.jpg,AnnotationConversionError,CORU QA annotation missing: C:\Assumption University\CSX4201\Project\data\raw\public\coru\Receipt Question Answering\test\99e4bc1b-986c-4b10-959a-d0afa00bf130.json
coru_page_39cdd79aebb7ad,coru,data/raw/public/coru/Receipt Question Answering/test/47ed86a9-16e2-4887-b1ac-ac86b5a9bfd4.jpg,AnnotationConversionError,CORU QA annotation missing: C:\Assumption University\CSX4201\Project\data\raw\public\coru\Receipt Question Answering\test\47ed86a9-16e2-4887-b1ac-ac86b5a9bfd4.json
coru_page_39efc1c070a536,coru,data/raw/public/coru/Receipt Question Answering/test/24edec81-3e59-4acd-a173-0a583a3a8529.jpg,AnnotationConversionError,CORU QA annotation missing: C:\Assumption University\CSX4201\Project\data\raw\public\coru\Receipt Question Answering\test\24edec81-3e59-4acd-a173-0a583a3a8529.json
coru_page_3a546d8c2fef60,coru,data/raw/public/coru/Receipt Question Answering/test/17d3b528-6a67-445e-99c8-02d7245e1e5b.jpg,AnnotationConversionError,CORU QA annotation missing: C:\Assumption University\CSX4201\Project\data\raw\public\coru\Receipt Question Answering\test\17d3b528-6a67-445e-99c8-02d7245e1e5b.json
coru_page_3b3d2ef338651d,coru,data/raw/public/coru/Receipt Question Answering/test/43f2e1c0-95f3-40da-a372-aad923c5eaf1.jpg,AnnotationConversionError,CORU QA annotation missing: C:\Assumption University\CSX4201\Project\data\raw\public\coru\Receipt Question Answering\test\43f2e1c0-95f3-40da-a372-aad923c5eaf1.json
coru_page_3c8a8d8da0e815,coru,data/raw/public/coru/Receipt Question Answering/test/36f983c2-3471-4a76-88ec-ecab7b67f216.jpg,AnnotationConversionError,CORU QA annotation missing: C:\Assumption University\CSX4201\Project\data\raw\public\coru\Receipt Question Answering\test\36f983c2-3471-4a76-88ec-ecab7b67f216.json
coru_page_3e7d32ea385cdd,coru,data/raw/public/coru/Receipt Question Answering/test/128f725e-9d7a-49fd-bff8-ec8e137da643.jpg,AnnotationConversionError,CORU QA annotation missing: C:\Assumption University\CSX4201\Project\data\raw\public\coru\Receipt Question Answering\test\128f725e-9d7a-49fd-bff8-ec8e137da643.json
coru_page_3f2c99079adf8c,coru,data/raw/public/coru/Receipt Question Answering/test/b9c7eb6e-f9f0-4b40-bfd8-61023c32df8e.jpg,AnnotationConversionError,CORU QA annotation missing: C:\Assumption University\CSX4201\Project\data\raw\public\coru\Receipt Question Answering\test\b9c7eb6e-f9f0-4b40-bfd8-61023c32df8e.json
coru_page_438b8d1a256822,coru,data/raw/public/coru/Receipt Question Answering/test/389ac6c5-7247-4ef8-a667-fead90b52b34.jpg,AnnotationConversionError,CORU QA annotation missing: C:\Assumption University\CSX4201\Project\data\raw\public\coru\Receipt Question Answering\test\389ac6c5-7247-4ef8-a667-fead90b52b34.json
coru_page_46ade49925071b,coru,data/raw/public/coru/Receipt Question Answering/test/24e3f798-c5fc-434c-9e04-82d84dfbab1e.jpg,AnnotationConversionError,CORU QA annotation missing: C:\Assumption University\CSX4201\Project\data\raw\public\coru\Receipt Question Answering\test\24e3f798-c5fc-434c-9e04-82d84dfbab1e.json
coru_page_4735b92196cf0b,coru,data/raw/public/coru/Receipt Question Answering/test/68860329-7a1a-41c7-a7e3-4d7d8e524652.jpg,AnnotationConversionError,CORU QA annotation missing: C:\Assumption University\CSX4201\Project\data\raw\public\coru\Receipt Question Answering\test\68860329-7a1a-41c7-a7e3-4d7d8e524652.json
coru_page_486f0ffdf8e76b,coru,data/raw/public/coru/Receipt Question Answering/test/66eb8c91-771e-48c1-ae7e-9385fe679e83.jpg,AnnotationConversionError,CORU QA annotation missing: C:\Assumption University\CSX4201\Project\data\raw\public\coru\Receipt Question Answering\test\66eb8c91-771e-48c1-ae7e-9385fe679e83.json
coru_page_4a5d860c99a1bf,coru,data/raw/public/coru/Receipt Question Answering/test/97d9a8c3-9819-4515-aa78-5d143a9d9bbd.jpg,AnnotationConversionError,CORU QA annotation missing: C:\Assumption University\CSX4201\Project\data\raw\public\coru\Receipt Question Answering\test\97d9a8c3-9819-4515-aa78-5d143a9d9bbd.json
coru_page_4a97bf41f9fe2d,coru,data/raw/public/coru/Receipt Question Answering/test/267618e9-5296-4041-b86f-dbf836561a09.jpg,AnnotationConversionError,CORU QA annotation missing: C:\Assumption University\CSX4201\Project\data\raw\public\coru\Receipt Question Answering\test\267618e9-5296-4041-b86f-dbf836561a09.json
coru_page_4b8b028819a33d,coru,data/raw/public/coru/Receipt Question Answering/test/268e546c-2043-48e2-9d24-a9a3b50db44f.jpg,AnnotationConversionError,CORU QA annotation missing: C:\Assumption University\CSX4201\Project\data\raw\public\coru\Receipt Question Answering\test\268e546c-2043-48e2-9d24-a9a3b50db44f.json
coru_page_4cda55c8137676,coru,data/raw/public/coru/Receipt Question Answering/test/a6337289-7fbb-4f2e-8b1a-59bd67a4df21.jpg,AnnotationConversionError,CORU QA annotation missing: C:\Assumption University\CSX4201\Project\data\raw\public\coru\Receipt Question Answering\test\a6337289-7fbb-4f2e-8b1a-59bd67a4df21.json
coru_page_4d43840e0e8262,coru,data/raw/public/coru/Receipt Question Answering/test/333ef114-5c7d-4d12-8fcc-e3b21e951ce8.jpg,AnnotationConversionError,CORU QA annotation missing: C:\Assumption University\CSX4201\Project\data\raw\public\coru\Receipt Question Answering\test\333ef114-5c7d-4d12-8fcc-e3b21e951ce8.json
coru_page_4d7308e736affd,coru,data/raw/public/coru/Receipt Question Answering/test/077ae836-981c-4539-a633-d9cd033f84d8.jpg,AnnotationConversionError,CORU QA annotation missing: C:\Assumption University\CSX4201\Project\data\raw\public\coru\Receipt Question Answering\test\077ae836-981c-4539-a633-d9cd033f84d8.json
coru_page_4f41bddbdcf536,coru,data/raw/public/coru/Receipt Question Answering/test/36aef25e-e74b-461a-a64d-736950f65e28.jpg,AnnotationConversionError,CORU QA annotation missing: C:\Assumption University\CSX4201\Project\data\raw\public\coru\Receipt Question Answering\test\36aef25e-e74b-461a-a64d-736950f65e28.json
coru_page_503e89c1e4a686,coru,data/raw/public/coru/Receipt Question Answering/test/17e75d7f-6b56-452e-8227-f9138a92d799.jpg,AnnotationConversionError,CORU QA annotation missing: C:\Assumption University\CSX4201\Project\data\raw\public\coru\Receipt Question Answering\test\17e75d7f-6b56-452e-8227-f9138a92d799.json
coru_page_54c866a1c694c5,coru,data/raw/public/coru/Receipt Question Answering/test/38cfad29-72e8-431e-aa34-9547fb4bf710.jpg,AnnotationConversionError,CORU QA annotation missing: C:\Assumption University\CSX4201\Project\data\raw\public\coru\Receipt Question Answering\test\38cfad29-72e8-431e-aa34-9547fb4bf710.json
coru_page_56ba18baa9e7ff,coru,data/raw/public/coru/Receipt Question Answering/test/3820bd11-7f57-4a0a-bb7e-3b30aab7664b.jpg,AnnotationConversionError,CORU QA annotation missing: C:\Assumption University\CSX4201\Project\data\raw\public\coru\Receipt Question Answering\test\3820bd11-7f57-4a0a-bb7e-3b30aab7664b.json
coru_page_5e12cc9ddce494,coru,data/raw/public/coru/Receipt Question Answering/test/076dc90c-28e5-4d76-aa80-9dddd0ea2d18.jpg,AnnotationConversionError,CORU QA annotation missing: C:\Assumption University\CSX4201\Project\data\raw\public\coru\Receipt Question Answering\test\076dc90c-28e5-4d76-aa80-9dddd0ea2d18.json
coru_page_5e1f71300d21ed,coru,data/raw/public/coru/Receipt Question Answering/test/d29d24e6-6a75-4577-b947-b7028e2d7102.jpg,AnnotationConversionError,CORU QA annotation missing: C:\Assumption University\CSX4201\Project\data\raw\public\coru\Receipt Question Answering\test\d29d24e6-6a75-4577-b947-b7028e2d7102.json
coru_page_66635db55cdc45,coru,data/raw/public/coru/Receipt Question Answering/test/37857e74-af7e-4d62-a68e-2d99274ce335.jpg,AnnotationConversionError,CORU QA annotation missing: C:\Assumption University\CSX4201\Project\data\raw\public\coru\Receipt Question Answering\test\37857e74-af7e-4d62-a68e-2d99274ce335.json
coru_page_669f3cc8cb8280,coru,data/raw/public/coru/Receipt Question Answering/test/263f059b-379e-4bf6-b3da-05e1dd10afcf.jpg,AnnotationConversionError,CORU QA annotation missing: C:\Assumption University\CSX4201\Project\data\raw\public\coru\Receipt Question Answering\test\263f059b-379e-4bf6-b3da-05e1dd10afcf.json
coru_page_6836ad8831a42c,coru,data/raw/public/coru/Receipt Question Answering/test/3850d014-96cd-4bf3-8116-bd90173b91c7.jpg,AnnotationConversionError,CORU QA annotation missing: C:\Assumption University\CSX4201\Project\data\raw\public\coru\Receipt Question Answering\test\3850d014-96cd-4bf3-8116-bd90173b91c7.json
coru_page_68e79888fcd04b,coru,data/raw/public/coru/Receipt Question Answering/test/93d1ab95-bae0-4699-ac33-3045c502246e.jpg,AnnotationConversionError,CORU QA annotation missing: C:\Assumption University\CSX4201\Project\data\raw\public\coru\Receipt Question Answering\test\93d1ab95-bae0-4699-ac33-3045c502246e.json
coru_page_6981841b7315e7,coru,data/raw/public/coru/Receipt Question Answering/test/533a764f-c54b-499e-9616-1bb0aed7221d.jpg,AnnotationConversionError,CORU QA annotation missing: C:\Assumption University\CSX4201\Project\data\raw\public\coru\Receipt Question Answering\test\533a764f-c54b-499e-9616-1bb0aed7221d.json
coru_page_6bcfbe4f1d5935,coru,data/raw/public/coru/Receipt Question Answering/test/e0a808ad-a200-46ce-ad26-7b61eff0a910.jpg,AnnotationConversionError,CORU QA annotation missing: C:\Assumption University\CSX4201\Project\data\raw\public\coru\Receipt Question Answering\test\e0a808ad-a200-46ce-ad26-7b61eff0a910.json
coru_page_6e48752b2e0b8c,coru,data/raw/public/coru/Receipt Question Answering/test/95b17abd-cb67-4048-ad10-55bdf8cb908d.jpg,AnnotationConversionError,CORU QA annotation missing: C:\Assumption University\CSX4201\Project\data\raw\public\coru\Receipt Question Answering\test\95b17abd-cb67-4048-ad10-55bdf8cb908d.json
coru_page_703f4395231245,coru,data/raw/public/coru/Receipt Question Answering/test/10620953-edf7-4815-9ef7-28933f60d69b.jpg,AnnotationConversionError,CORU QA annotation missing: C:\Assumption University\CSX4201\Project\data\raw\public\coru\Receipt Question Answering\test\10620953-edf7-4815-9ef7-28933f60d69b.json
coru_page_723691f07e8bd9,coru,data/raw/public/coru/Receipt Question Answering/test/53f449bb-0deb-4a75-a5da-307e91e6a3c1.jpg,AnnotationConversionError,CORU QA annotation missing: C:\Assumption University\CSX4201\Project\data\raw\public\coru\Receipt Question Answering\test\53f449bb-0deb-4a75-a5da-307e91e6a3c1.json
coru_page_72c749d164c14a,coru,data/raw/public/coru/Receipt Question Answering/test/773f3df6-5fd9-466c-bf28-007b4052b0c0.jpg,AnnotationConversionError,CORU QA annotation missing: C:\Assumption University\CSX4201\Project\data\raw\public\coru\Receipt Question Answering\test\773f3df6-5fd9-466c-bf28-007b4052b0c0.json
coru_page_751616b770b971,coru,data/raw/public/coru/Receipt Question Answering/test/044d515c-b393-42ed-bd82-662e1e3c54c2.jpg,AnnotationConversionError,CORU QA annotation missing: C:\Assumption University\CSX4201\Project\data\raw\public\coru\Receipt Question Answering\test\044d515c-b393-42ed-bd82-662e1e3c54c2.json
coru_page_77a7fb58ec097b,coru,data/raw/public/coru/Receipt Question Answering/test/41f19707-002d-4d03-accc-84c771721dae.jpg,AnnotationConversionError,CORU QA annotation missing: C:\Assumption University\CSX4201\Project\data\raw\public\coru\Receipt Question Answering\test\41f19707-002d-4d03-accc-84c771721dae.json
coru_page_7875f87af8061a,coru,data/raw/public/coru/Receipt Question Answering/test/83da920c-169e-49e0-8c57-778bf5980c8e.jpg,AnnotationConversionError,CORU QA annotation missing: C:\Assumption University\CSX4201\Project\data\raw\public\coru\Receipt Question Answering\test\83da920c-169e-49e0-8c57-778bf5980c8e.json
coru_page_7ba22da508d534,coru,data/raw/public/coru/Receipt Question Answering/test/c881d7b7-48dd-4f6c-b456-9fd39b20deb3.jpg,AnnotationConversionError,CORU QA annotation missing: C:\Assumption University\CSX4201\Project\data\raw\public\coru\Receipt Question Answering\test\c881d7b7-48dd-4f6c-b456-9fd39b20deb3.json
coru_page_7e909d70f98f8a,coru,data/raw/public/coru/Receipt Question Answering/test/c727b1fa-58c0-41c9-a012-ea4fe95a529b.jpg,AnnotationConversionError,CORU QA annotation missing: C:\Assumption University\CSX4201\Project\data\raw\public\coru\Receipt Question Answering\test\c727b1fa-58c0-41c9-a012-ea4fe95a529b.json
coru_page_80a4ab1c6787da,coru,data/raw/public/coru/Receipt Question Answering/test/e5f4ae7e-9249-4e50-b0c8-e826ca68f187.jpg,AnnotationConversionError,CORU QA annotation missing: C:\Assumption University\CSX4201\Project\data\raw\public\coru\Receipt Question Answering\test\e5f4ae7e-9249-4e50-b0c8-e826ca68f187.json
coru_page_84c708bc1b160b,coru,data/raw/public/coru/Receipt Question Answering/test/dc16b8d5-17a9-4db3-ab0f-bb21ac450702.jpg,AnnotationConversionError,CORU QA annotation missing: C:\Assumption University\CSX4201\Project\data\raw\public\coru\Receipt Question Answering\test\dc16b8d5-17a9-4db3-ab0f-bb21ac450702.json
coru_page_8a0018d75ee99b,coru,data/raw/public/coru/Receipt Question Answering/test/153b8d7d-6a42-4e35-8926-645c0f2c7e80.jpg,AnnotationConversionError,CORU QA annotation missing: C:\Assumption University\CSX4201\Project\data\raw\public\coru\Receipt Question Answering\test\153b8d7d-6a42-4e35-8926-645c0f2c7e80.json
coru_page_8bad032970d173,coru,data/raw/public/coru/Receipt Question Answering/test/127cd24d-06c5-4fbd-850e-9e0f4ca5e967.jpg,AnnotationConversionError,CORU QA annotation missing: C:\Assumption University\CSX4201\Project\data\raw\public\coru\Receipt Question Answering\test\127cd24d-06c5-4fbd-850e-9e0f4ca5e967.json
coru_page_8e741e9aca6109,coru,data/raw/public/coru/Receipt Question Answering/test/124eff0a-45a8-425b-b736-a02567ffb803.jpg,AnnotationConversionError,CORU QA annotation missing: C:\Assumption University\CSX4201\Project\data\raw\public\coru\Receipt Question Answering\test\124eff0a-45a8-425b-b736-a02567ffb803.json
coru_page_8e922e5826efb9,coru,data/raw/public/coru/Receipt Question Answering/test/38a7fa41-497d-42c8-bbcd-c13dbdec37e0.jpg,AnnotationConversionError,CORU QA annotation missing: C:\Assumption University\CSX4201\Project\data\raw\public\coru\Receipt Question Answering\test\38a7fa41-497d-42c8-bbcd-c13dbdec37e0.json
coru_page_8f11406fb3325d,coru,data/raw/public/coru/Receipt Question Answering/test/86c2d10d-3290-41d8-ae78-41682961a973.jpg,AnnotationConversionError,CORU QA annotation missing: C:\Assumption University\CSX4201\Project\data\raw\public\coru\Receipt Question Answering\test\86c2d10d-3290-41d8-ae78-41682961a973.json
coru_page_8f72b8caf56ba8,coru,data/raw/public/coru/Receipt Question Answering/test/fa5c1048-b463-4384-9cb6-35982f3b66f0.jpg,JSONDecodeError,"Expecting ',' delimiter: line 42 column 1 (char 3109)"
coru_page_904c310dd9dd31,coru,data/raw/public/coru/Receipt Question Answering/test/916925df-0f8c-473e-86c7-3ed9b3f3bab3.jpg,AnnotationConversionError,CORU QA annotation missing: C:\Assumption University\CSX4201\Project\data\raw\public\coru\Receipt Question Answering\test\916925df-0f8c-473e-86c7-3ed9b3f3bab3.json
coru_page_909dc87e42a30f,coru,data/raw/public/coru/Receipt Question Answering/test/f551895e-19e3-4e55-9d81-be274a1ee807.jpg,JSONDecodeError,Expecting ':' delimiter: line 28 column 11 (char 892)
coru_page_939aa0bd826ebc,coru,data/raw/public/coru/Receipt Question Answering/test/ddd8ada9-a82c-4ed5-ad00-981a4204b9fb.jpg,AnnotationConversionError,CORU QA annotation missing: C:\Assumption University\CSX4201\Project\data\raw\public\coru\Receipt Question Answering\test\ddd8ada9-a82c-4ed5-ad00-981a4204b9fb.json
coru_page_943751b117bb67,coru,data/raw/public/coru/Receipt Question Answering/test/73b5f3a0-bc57-4e8a-80e5-b8037a3a45ce.jpg,AnnotationConversionError,CORU QA annotation missing: C:\Assumption University\CSX4201\Project\data\raw\public\coru\Receipt Question Answering\test\73b5f3a0-bc57-4e8a-80e5-b8037a3a45ce.json
coru_page_950bd81b3e8943,coru,data/raw/public/coru/Receipt Question Answering/test/ac6cd702-45f6-4a28-97ed-a843f538f9cc.jpg,AnnotationConversionError,CORU QA annotation missing: C:\Assumption University\CSX4201\Project\data\raw\public\coru\Receipt Question Answering\test\ac6cd702-45f6-4a28-97ed-a843f538f9cc.json
coru_page_96dccf75120e43,coru,data/raw/public/coru/Receipt Question Answering/test/331f0d98-5041-464b-8f90-0d14c0c9e1aa.jpg,AnnotationConversionError,CORU QA annotation missing: C:\Assumption University\CSX4201\Project\data\raw\public\coru\Receipt Question Answering\test\331f0d98-5041-464b-8f90-0d14c0c9e1aa.json
coru_page_975e69bb507ed9,coru,data/raw/public/coru/Receipt Question Answering/test/151125c5-a7a4-4ac4-8a02-a16716939370.jpg,AnnotationConversionError,CORU QA annotation missing: C:\Assumption University\CSX4201\Project\data\raw\public\coru\Receipt Question Answering\test\151125c5-a7a4-4ac4-8a02-a16716939370.json
coru_page_a2f9aff4e28806,coru,data/raw/public/coru/Receipt Question Answering/test/323e4953-09c6-457d-8f1b-d9a00870c028.jpg,AnnotationConversionError,CORU QA annotation missing: C:\Assumption University\CSX4201\Project\data\raw\public\coru\Receipt Question Answering\test\323e4953-09c6-457d-8f1b-d9a00870c028.json
coru_page_a52d46f262210f,coru,data/raw/public/coru/Receipt Question Answering/test/7678aefa-7bf6-443d-b461-0888a75f946f.jpg,AnnotationConversionError,CORU QA annotation missing: C:\Assumption University\CSX4201\Project\data\raw\public\coru\Receipt Question Answering\test\7678aefa-7bf6-443d-b461-0888a75f946f.json
coru_page_a58f9203a3654e,coru,data/raw/public/coru/Receipt Question Answering/test/4f614abb-a301-4066-8e82-c801626d9ed3.jpg,AnnotationConversionError,CORU QA annotation missing: C:\Assumption University\CSX4201\Project\data\raw\public\coru\Receipt Question Answering\test\4f614abb-a301-4066-8e82-c801626d9ed3.json
coru_page_a64972ebefbd53,coru,data/raw/public/coru/Receipt Question Answering/test/24ba81c4-7542-4acc-b49b-3affc8db120e.jpg,AnnotationConversionError,CORU QA annotation missing: C:\Assumption University\CSX4201\Project\data\raw\public\coru\Receipt Question Answering\test\24ba81c4-7542-4acc-b49b-3affc8db120e.json
coru_page_a7159d084e40d3,coru,data/raw/public/coru/Receipt Question Answering/test/cf58699e-0a2d-452a-ac8a-f9edc360b528.jpg,AnnotationConversionError,CORU QA annotation missing: C:\Assumption University\CSX4201\Project\data\raw\public\coru\Receipt Question Answering\test\cf58699e-0a2d-452a-ac8a-f9edc360b528.json
coru_page_a77e843376a051,coru,data/raw/public/coru/Receipt Question Answering/test/65ee61eb-9eb5-4d2d-8a12-95b9146c96a6.jpg,AnnotationConversionError,CORU QA annotation missing: C:\Assumption University\CSX4201\Project\data\raw\public\coru\Receipt Question Answering\test\65ee61eb-9eb5-4d2d-8a12-95b9146c96a6.json
coru_page_a8c947516a7a1c,coru,data/raw/public/coru/Receipt Question Answering/test/320b101e-de86-42d4-9c82-f3f4fefd7896.jpg,AnnotationConversionError,CORU QA annotation missing: C:\Assumption University\CSX4201\Project\data\raw\public\coru\Receipt Question Answering\test\320b101e-de86-42d4-9c82-f3f4fefd7896.json
coru_page_ab936ace5f26c4,coru,data/raw/public/coru/Receipt Question Answering/test/1c6eb01c-25f6-4f05-8c13-a5696c9e63f9.jpg,AnnotationConversionError,CORU QA annotation missing: C:\Assumption University\CSX4201\Project\data\raw\public\coru\Receipt Question Answering\test\1c6eb01c-25f6-4f05-8c13-a5696c9e63f9.json
coru_page_abbf36e5a48ac9,coru,data/raw/public/coru/Receipt Question Answering/test/297bd7ce-2d9c-40b2-8c83-4fee61beecfa.jpg,AnnotationConversionError,CORU QA annotation missing: C:\Assumption University\CSX4201\Project\data\raw\public\coru\Receipt Question Answering\test\297bd7ce-2d9c-40b2-8c83-4fee61beecfa.json
coru_page_b1107cca87fd3f,coru,data/raw/public/coru/Receipt Question Answering/test/57a0da0a-32a6-413e-b9ca-b606fe605cb6.jpg,AnnotationConversionError,CORU QA annotation missing: C:\Assumption University\CSX4201\Project\data\raw\public\coru\Receipt Question Answering\test\57a0da0a-32a6-413e-b9ca-b606fe605cb6.json
coru_page_b1f80da959c5e1,coru,data/raw/public/coru/Receipt Question Answering/test/87f3acea-79d2-4710-aec9-afe82cc0253c.jpg,AnnotationConversionError,CORU QA annotation missing: C:\Assumption University\CSX4201\Project\data\raw\public\coru\Receipt Question Answering\test\87f3acea-79d2-4710-aec9-afe82cc0253c.json
coru_page_b21cec8bbb356d,coru,data/raw/public/coru/Receipt Question Answering/test/268aeedd-b3dc-4f44-a445-b185ce38aed0.jpg,AnnotationConversionError,CORU QA annotation missing: C:\Assumption University\CSX4201\Project\data\raw\public\coru\Receipt Question Answering\test\268aeedd-b3dc-4f44-a445-b185ce38aed0.json
coru_page_b246eff768aaae,coru,data/raw/public/coru/Receipt Question Answering/test/17e9470c-3491-4696-8aed-7ed4adeae987.jpg,AnnotationConversionError,CORU QA annotation missing: C:\Assumption University\CSX4201\Project\data\raw\public\coru\Receipt Question Answering\test\17e9470c-3491-4696-8aed-7ed4adeae987.json
coru_page_b3be2534218e85,coru,data/raw/public/coru/Receipt Question Answering/test/24a8a720-8987-403b-9b51-f00fec4c46ea.jpg,AnnotationConversionError,CORU QA annotation missing: C:\Assumption University\CSX4201\Project\data\raw\public\coru\Receipt Question Answering\test\24a8a720-8987-403b-9b51-f00fec4c46ea.json
coru_page_b3fc87b8bb67aa,coru,data/raw/public/coru/Receipt Question Answering/test/158a4b8b-e2e8-4e4a-a903-da3b9ee3bb90.jpg,AnnotationConversionError,CORU QA annotation missing: C:\Assumption University\CSX4201\Project\data\raw\public\coru\Receipt Question Answering\test\158a4b8b-e2e8-4e4a-a903-da3b9ee3bb90.json
coru_page_b4d4b6eae4664c,coru,data/raw/public/coru/Receipt Question Answering/test/606bf7bf-e384-46ab-ae97-be1a5654aef8.jpg,AnnotationConversionError,CORU QA annotation missing: C:\Assumption University\CSX4201\Project\data\raw\public\coru\Receipt Question Answering\test\606bf7bf-e384-46ab-ae97-be1a5654aef8.json
coru_page_b96bf2582d9aed,coru,data/raw/public/coru/Receipt Question Answering/test/155b5ab7-e1b0-4f24-a37e-b461c5a47b21.jpg,AnnotationConversionError,CORU QA annotation missing: C:\Assumption University\CSX4201\Project\data\raw\public\coru\Receipt Question Answering\test\155b5ab7-e1b0-4f24-a37e-b461c5a47b21.json
coru_page_b9e1aad73875a1,coru,data/raw/public/coru/Receipt Question Answering/test/1196-receipt.jpg,JSONDecodeError,Expecting value: line 42 column 1 (char 3086)
coru_page_bada9384ca2af6,coru,data/raw/public/coru/Receipt Question Answering/test/55ec4280-3f54-4c73-9944-0ed8f8487385.jpg,AnnotationConversionError,CORU QA annotation missing: C:\Assumption University\CSX4201\Project\data\raw\public\coru\Receipt Question Answering\test\55ec4280-3f54-4c73-9944-0ed8f8487385.json
coru_page_bd4ab5572a2cb9,coru,data/raw/public/coru/Receipt Question Answering/test/095ed603-b6a3-4e65-8fb5-11a28e92d62d.jpg,AnnotationConversionError,CORU QA annotation missing: C:\Assumption University\CSX4201\Project\data\raw\public\coru\Receipt Question Answering\test\095ed603-b6a3-4e65-8fb5-11a28e92d62d.json
coru_page_c045e1ac51f1bb,coru,data/raw/public/coru/Receipt Question Answering/test/19c57111-dcfb-4da2-becf-5baf70452ad9.jpg,AnnotationConversionError,CORU QA annotation missing: C:\Assumption University\CSX4201\Project\data\raw\public\coru\Receipt Question Answering\test\19c57111-dcfb-4da2-becf-5baf70452ad9.json
coru_page_c1885010299f54,coru,data/raw/public/coru/Receipt Question Answering/test/10602a32-b278-46a0-90c3-7f7db2637baf.jpg,AnnotationConversionError,CORU QA annotation missing: C:\Assumption University\CSX4201\Project\data\raw\public\coru\Receipt Question Answering\test\10602a32-b278-46a0-90c3-7f7db2637baf.json
coru_page_c1f0b8f5593e13,coru,data/raw/public/coru/Receipt Question Answering/test/8631ab88-236e-49bd-b00c-625f1fce296f.jpg,AnnotationConversionError,CORU QA annotation missing: C:\Assumption University\CSX4201\Project\data\raw\public\coru\Receipt Question Answering\test\8631ab88-236e-49bd-b00c-625f1fce296f.json
coru_page_c216c7772dd0fc,coru,data/raw/public/coru/Receipt Question Answering/test/b710c8b5-40d1-4fa5-bdfc-3c2eca97169b.jpg,AnnotationConversionError,CORU QA annotation missing: C:\Assumption University\CSX4201\Project\data\raw\public\coru\Receipt Question Answering\test\b710c8b5-40d1-4fa5-bdfc-3c2eca97169b.json
coru_page_c2ee873265b72c,coru,data/raw/public/coru/Receipt Question Answering/test/53ea0a2d-a631-4f00-a372-b71b04b2a7ff.jpg,AnnotationConversionError,CORU QA annotation missing: C:\Assumption University\CSX4201\Project\data\raw\public\coru\Receipt Question Answering\test\53ea0a2d-a631-4f00-a372-b71b04b2a7ff.json
coru_page_c4bf86323b8710,coru,data/raw/public/coru/Receipt Question Answering/test/63b72864-115d-4a5d-9af8-0d9520f3382b.jpg,AnnotationConversionError,CORU QA annotation missing: C:\Assumption University\CSX4201\Project\data\raw\public\coru\Receipt Question Answering\test\63b72864-115d-4a5d-9af8-0d9520f3382b.json
coru_page_c6932349a7fb44,coru,data/raw/public/coru/Receipt Question Answering/test/325e29e4-a7dc-40d3-a893-a4487bb421e9.jpg,AnnotationConversionError,CORU QA annotation missing: C:\Assumption University\CSX4201\Project\data\raw\public\coru\Receipt Question Answering\test\325e29e4-a7dc-40d3-a893-a4487bb421e9.json
coru_page_c76888d130a88f,coru,data/raw/public/coru/Receipt Question Answering/test/17c0e20a-db0b-47a8-ace3-a2f0401cde0f.jpg,AnnotationConversionError,CORU QA annotation missing: C:\Assumption University\CSX4201\Project\data\raw\public\coru\Receipt Question Answering\test\17c0e20a-db0b-47a8-ace3-a2f0401cde0f.json
coru_page_c9609c115bcbfa,coru,data/raw/public/coru/Receipt Question Answering/test/b8f64ec2-f7c3-4502-934d-31886850c7d3.jpg,AnnotationConversionError,CORU QA annotation missing: C:\Assumption University\CSX4201\Project\data\raw\public\coru\Receipt Question Answering\test\b8f64ec2-f7c3-4502-934d-31886850c7d3.json
coru_page_ca44f06efd663b,coru,data/raw/public/coru/Receipt Question Answering/test/97f06691-1f97-4767-b3da-79d7b4d10bee.jpg,AnnotationConversionError,CORU QA annotation missing: C:\Assumption University\CSX4201\Project\data\raw\public\coru\Receipt Question Answering\test\97f06691-1f97-4767-b3da-79d7b4d10bee.json
coru_page_ca9d43d401a9ba,coru,data/raw/public/coru/Receipt Question Answering/test/15690ea1-3549-4a45-8c73-1f20e602a661.jpg,AnnotationConversionError,CORU QA annotation missing: C:\Assumption University\CSX4201\Project\data\raw\public\coru\Receipt Question Answering\test\15690ea1-3549-4a45-8c73-1f20e602a661.json
coru_page_cc0a211cbb16cb,coru,data/raw/public/coru/Receipt Question Answering/test/249b2a94-ecfa-4f59-8f9b-4a342d1ed88c.jpg,AnnotationConversionError,CORU QA annotation missing: C:\Assumption University\CSX4201\Project\data\raw\public\coru\Receipt Question Answering\test\249b2a94-ecfa-4f59-8f9b-4a342d1ed88c.json
coru_page_d10b649cb127d6,coru,data/raw/public/coru/Receipt Question Answering/test/31f84323-303f-46a3-a840-4f6e5ab90ead.jpg,AnnotationConversionError,CORU QA annotation missing: C:\Assumption University\CSX4201\Project\data\raw\public\coru\Receipt Question Answering\test\31f84323-303f-46a3-a840-4f6e5ab90ead.json
coru_page_d1d3139ce0697a,coru,data/raw/public/coru/Receipt Question Answering/test/205c0f98-9e77-4b67-af89-0796a006427d.jpg,AnnotationConversionError,CORU QA annotation missing: C:\Assumption University\CSX4201\Project\data\raw\public\coru\Receipt Question Answering\test\205c0f98-9e77-4b67-af89-0796a006427d.json
coru_page_d6bfd4c6f45564,coru,data/raw/public/coru/Receipt Question Answering/test/43e7b48b-6516-484c-9b6f-fe0538438256.jpg,AnnotationConversionError,CORU QA annotation missing: C:\Assumption University\CSX4201\Project\data\raw\public\coru\Receipt Question Answering\test\43e7b48b-6516-484c-9b6f-fe0538438256.json
coru_page_df7cbec1cd57c5,coru,data/raw/public/coru/Receipt Question Answering/test/335a63df-7e96-40a5-9b9f-25ca15a129b3.jpg,AnnotationConversionError,CORU QA annotation missing: C:\Assumption University\CSX4201\Project\data\raw\public\coru\Receipt Question Answering\test\335a63df-7e96-40a5-9b9f-25ca15a129b3.json
coru_page_e345e0df8bf612,coru,data/raw/public/coru/Receipt Question Answering/test/091d2861-a215-4109-a09a-1a71860dfa35.jpg,AnnotationConversionError,CORU QA annotation missing: C:\Assumption University\CSX4201\Project\data\raw\public\coru\Receipt Question Answering\test\091d2861-a215-4109-a09a-1a71860dfa35.json
coru_page_e3c0b79be4593e,coru,data/raw/public/coru/Receipt Question Answering/test/38bbac0c-b5af-40d4-ab2f-cab84f7a39fd.jpg,AnnotationConversionError,CORU QA annotation missing: C:\Assumption University\CSX4201\Project\data\raw\public\coru\Receipt Question Answering\test\38bbac0c-b5af-40d4-ab2f-cab84f7a39fd.json
coru_page_e4185a3b242bdb,coru,data/raw/public/coru/Receipt Question Answering/test/28ec5c5e-7675-4ab0-a2d7-8d64971ba785.jpg,AnnotationConversionError,CORU QA annotation missing: C:\Assumption University\CSX4201\Project\data\raw\public\coru\Receipt Question Answering\test\28ec5c5e-7675-4ab0-a2d7-8d64971ba785.json
coru_page_e8cb1cc4b54177,coru,data/raw/public/coru/Receipt Question Answering/test/247d993c-5432-4aa6-ba67-6c504c8421a6.jpg,AnnotationConversionError,CORU QA annotation missing: C:\Assumption University\CSX4201\Project\data\raw\public\coru\Receipt Question Answering\test\247d993c-5432-4aa6-ba67-6c504c8421a6.json
coru_page_eefca42dabbf77,coru,data/raw/public/coru/Receipt Question Answering/test/043b3c00-99a2-4832-ab98-3c417348b33e.jpg,AnnotationConversionError,CORU QA annotation missing: C:\Assumption University\CSX4201\Project\data\raw\public\coru\Receipt Question Answering\test\043b3c00-99a2-4832-ab98-3c417348b33e.json
coru_page_f0820cb59a6d66,coru,data/raw/public/coru/Receipt Question Answering/test/ea76efbe-6585-4d7a-af97-e6a3711a66be.jpg,AnnotationConversionError,CORU QA annotation missing: C:\Assumption University\CSX4201\Project\data\raw\public\coru\Receipt Question Answering\test\ea76efbe-6585-4d7a-af97-e6a3711a66be.json
coru_page_f0d53b5dff6b91,coru,data/raw/public/coru/Receipt Question Answering/test/29d62461-3c61-4b78-bf9a-84abaeee4904.jpg,AnnotationConversionError,CORU QA annotation missing: C:\Assumption University\CSX4201\Project\data\raw\public\coru\Receipt Question Answering\test\29d62461-3c61-4b78-bf9a-84abaeee4904.json
coru_page_f278e69d080c5b,coru,data/raw/public/coru/Receipt Question Answering/test/df49b768-c37a-4d9d-98a8-1de8c311d8b6.jpg,AnnotationConversionError,CORU QA annotation missing: C:\Assumption University\CSX4201\Project\data\raw\public\coru\Receipt Question Answering\test\df49b768-c37a-4d9d-98a8-1de8c311d8b6.json
coru_page_f32b815568925a,coru,data/raw/public/coru/Receipt Question Answering/test/b4d2cb52-2e41-4fae-90aa-2936fc977ffc.jpg,AnnotationConversionError,CORU QA annotation missing: C:\Assumption University\CSX4201\Project\data\raw\public\coru\Receipt Question Answering\test\b4d2cb52-2e41-4fae-90aa-2936fc977ffc.json
coru_page_f3da741a0f2d7b,coru,data/raw/public/coru/Receipt Question Answering/test/267ca3c4-2277-4b9a-a245-263a055a6e85.jpg,AnnotationConversionError,CORU QA annotation missing: C:\Assumption University\CSX4201\Project\data\raw\public\coru\Receipt Question Answering\test\267ca3c4-2277-4b9a-a245-263a055a6e85.json
coru_page_f48c5d055a858c,coru,data/raw/public/coru/Receipt Question Answering/test/83a032ff-0380-44c6-98be-1fc705674e36.jpg,AnnotationConversionError,CORU QA annotation missing: C:\Assumption University\CSX4201\Project\data\raw\public\coru\Receipt Question Answering\test\83a032ff-0380-44c6-98be-1fc705674e36.json
coru_page_f54ef3047b6b6b,coru,data/raw/public/coru/Receipt Question Answering/test/6479d767-ad76-4d05-832b-1fb4fad9ccce.jpg,AnnotationConversionError,CORU QA annotation missing: C:\Assumption University\CSX4201\Project\data\raw\public\coru\Receipt Question Answering\test\6479d767-ad76-4d05-832b-1fb4fad9ccce.json
coru_page_f78d38b499a813,coru,data/raw/public/coru/Receipt Question Answering/test/66bfb5d2-1260-416f-98b4-a9ef4d990ada.jpg,AnnotationConversionError,CORU QA annotation missing: C:\Assumption University\CSX4201\Project\data\raw\public\coru\Receipt Question Answering\test\66bfb5d2-1260-416f-98b4-a9ef4d990ada.json
coru_page_f9814a1f48ad71,coru,data/raw/public/coru/Receipt Question Answering/test/153b2ec2-9d9a-429a-99ee-70caa478639e.jpg,AnnotationConversionError,CORU QA annotation missing: C:\Assumption University\CSX4201\Project\data\raw\public\coru\Receipt Question Answering\test\153b2ec2-9d9a-429a-99ee-70caa478639e.json
coru_page_fb29be220b6fa2,coru,data/raw/public/coru/Receipt Question Answering/test/150df805-c3a5-48c2-a6dc-073a0f5571d2.jpg,AnnotationConversionError,CORU QA annotation missing: C:\Assumption University\CSX4201\Project\data\raw\public\coru\Receipt Question Answering\test\150df805-c3a5-48c2-a6dc-073a0f5571d2.json
coru_page_fc93a4f8400bc2,coru,data/raw/public/coru/Receipt Question Answering/test/124c4d20-cc03-4785-8201-857e51285b64.jpg,AnnotationConversionError,CORU QA annotation missing: C:\Assumption University\CSX4201\Project\data\raw\public\coru\Receipt Question Answering\test\124c4d20-cc03-4785-8201-857e51285b64.json
coru_page_fdaa5311b13598,coru,data/raw/public/coru/Receipt Question Answering/test/887fba7d-d05e-421b-8990-50f467c76ccf.jpg,AnnotationConversionError,CORU QA annotation missing: C:\Assumption University\CSX4201\Project\data\raw\public\coru\Receipt Question Answering\test\887fba7d-d05e-421b-8990-50f467c76ccf.json
coru_page_fff380a16f9c30,coru,data/raw/public/coru/Receipt Question Answering/test/91e6ef3b-3e6d-48c9-bd17-f03ef8cd3886.jpg,AnnotationConversionError,CORU QA annotation missing: C:\Assumption University\CSX4201\Project\data\raw\public\coru\Receipt Question Answering\test\91e6ef3b-3e6d-48c9-bd17-f03ef8cd3886.json
